school_code,school_name,sido,sigungu,education_office,school_type,postcode,address,student_count,teacher_count,counselor_count,students_per_counselor,wee_class_raw,wee_class,avg_teacher_counseling_count_3yr,avg_external_counseling_count_3yr,avg_total_counseling_count_3yr,counseling_years_available,counseling_count_per_student,norm_avg_total_counseling_count_3yr,norm_counseling_count_per_student,counseling_use_score,counseling_use_components_available
480041930,거제제일고등학교,경남,거제시,경남,일반고,53285,경상남도 거제시 거제면 읍내로13길 22-5(거제면. 거제제일고등학교),798,63,0,,Y,1,588.0,44.0,632.0,3,0.7919799498746867,0.6892039258451472,0.24391777923897193,0.4665608525420596,2
480041946,거제상문고등학교,경남,거제시,경남,일반고,53297,경상남도 거제시 수양로 29거제상문고등학교(문동동),1129,85,1,1129.0,Y,1,486.6666666666667,1.3333333333333333,488.0,3,0.4322409211691763,0.5321701199563795,0.13312362971370068,0.3326468748350401,2
480041924,해성고등학교,경남,거제시,경남,일반고,53317,경상남도 거제시 두모길 4(장승포동. 해성고등학교),773,59,1,773.0,Y,1,415.0,12.0,427.0,3,0.5523932729624839,0.46564885496183206,0.17012872665384482,0.31788879080783844,2
480041940,연초고등학교,경남,거제시,경남,일반고,53209,경상남도 거제시 연초면 연사1길 40(연초면. 연초고등학교),1071,79,0,,Y,1,403.6666666666667,4.666666666666667,408.3333333333333,3,0.38126361655773416,0.44529262086513993,0.11742339521359872,0.28135800803936933,2
480041105,거제중앙고등학교,경남,거제시,경남,일반고,53248,경상남도 거제시 중곡로2길 61(고현동. 거제중앙고등학교),1106,80,0,,Y,1,575.0,34.0,609.0,3,0.5506329113924051,0.6641221374045801,0.16958656206382058,0.4168543497342004,2
480041935,거제옥포고등학교,경남,거제시,경남,일반고,53211,경상남도 거제시 연초면 국산로 27(연초면.거제옥포고등학교),1061,83,1,1061.0,Y,1,368.6666666666667,45.0,413.6666666666667,3,0.3898837574615143,0.45110868774990914,0.1200782675071584,0.28559347762853377,2
480041606,거제고등학교,경남,거제시,경남,일반고,53310,경상남도 거제시 아주로3길 61. 거제고등학교 (아주동),783,54,0,,Y,1,770.6666666666666,50.666666666666664,821.3333333333334,3,1.0489570029799915,0.8956743002544529,0.32306280319916086,0.6093685517268069,2
480041145,아림고등학교,경남,거창군,경남,일반고,50147,경상남도 거창군 거창읍 정장길 19. 아림고등학교 (거창읍),203,30,1,203.0,Y,1,155.33333333333334,2.0,157.33333333333334,3,0.7750410509031199,0.17157397310069067,0.23870085598156923,0.20513741454112994,2
480041618,거창대성고등학교,경남,거창군,경남,일반고,50130,경상남도 거창군 거창읍 거열로 81(거창읍. 거창대성고등학교),487,46,1,487.0,Y,1,228.0,4.666666666666667,232.66666666666666,3,0.47775496235455167,0.25372591784805526,0.147141262170033,0.20043359000904415,2
480041615,거창중앙고등학교,경남,거창군,경남,일반고,50130,경상남도 거창군 거창읍 성산길 36거창중앙고등학교(거창읍),451,43,1,451.0,Y,1,435.3333333333333,13.666666666666666,449.0,3,0.9955654101995566,0.48964013086150493,0.3066190046622208,0.39812956776186287,2
480041608,대성일고등학교,경남,거창군,경남,일반고,50130,경상남도 거창군 거창읍 거열로7길 57(거창읍),319,36,1,319.0,Y,1,445.0,23.666666666666668,468.6666666666667,3,1.4691745036572623,0.5110868774990912,0.45248340226706557,0.48178513988307836,2
480041612,거창고등학교,경남,거창군,경남,일반고,50128,경상남도 거창군 거창읍 죽전4길 36. 거창고등학교 (거창읍),277,28,0,,N,0,0.0,1.0,1.0,3,0.0036101083032490976,0.0010905125408942203,0.0011118584508105584,0.0011011854958523893,2
480041110,거창여자고등학교,경남,거창군,경남,일반고,50128,경상남도 거창군 거창읍 죽전1길 72(거창읍.거창여자고등학교),297,36,1,297.0,Y,1,135.33333333333334,3.6666666666666665,139.0,3,0.468013468013468,0.1515812431842966,0.144141030072589,0.1478611366284428,2
480041150,고성중앙고등학교,경남,고성군,경남,일반고,52935,경상남도 고성군 고성읍 남포로 45고성중앙고등학교,384,47,0,,Y,1,266.6666666666667,10.0,276.6666666666667,3,0.7204861111111112,0.30170846964740095,0.22189876425855515,0.26180361695297805,2
480041900,철성고등학교,경남,고성군,경남,일반고,52931,경상남도 고성군 고성읍 대가로 12. 철성고등학교 (고성읍),276,28,0,,Y,1,103.33333333333333,1.3333333333333333,104.66666666666667,3,0.37922705314009664,0.11414031261359506,0.11679616465531492,0.11546823863445499,2
480041633,고성고등학교,경남,고성군,경남,일반고,52914,경상남도 고성군 회화면 배둔서길 42-5(회화면),341,40,1,341.0,Y,1,258.0,4.0,262.0,3,0.7683284457478006,0.2857142857142857,0.23663347568658494,0.26117388070043535,2
480041958,김해수남고등학교,경남,김해시,경남,일반고,51017,경상남도 김해시 율하로 381(율하동. 김해수남고등학교),1070,83,1,1070.0,Y,1,421.3333333333333,8.666666666666666,430.0,3,0.40186915887850466,0.46892039258451473,0.1237695888561174,0.29634499072031606,2
480041645,김해중앙여자고등학교,경남,김해시,경남,일반고,50922,경상남도 김해시 분성로376번길 21-22. 김해중앙여자고등학교 (동상동),309,28,0,,Y,1,346.3333333333333,24.666666666666668,371.0,3,1.2006472491909386,0.40458015267175573,0.36978109195614456,0.3871806223139501,2
480041934,김해영운고등학교,경남,김해시,경남,일반고,50811,경상남도 김해시 인제로284번길 33. 김해영운고등학교 (삼방동),601,52,0,,Y,1,217.0,4.666666666666667,221.66666666666666,3,0.3688297282307266,0.24173027989821882,0.1135939467174481,0.17766211330783346,2
480041175,김해가야고등학교,경남,김해시,경남,일반고,50953,경상남도 김해시 경원로 98(내동. 김해가야고등학교),679,58,0,,Y,1,599.0,39.333333333333336,638.3333333333334,3,0.9401080019636722,0.6961105052708106,0.2895389663842488,0.4928247358275297,2
480041180,김해고등학교,경남,김해시,경남,일반고,50934,경상남도 김해시 활천로24번길 29(삼정동. 김해고등학교),587,53,0,,Y,1,176.33333333333334,9.666666666666666,186.0,3,0.31686541737649065,0.20283533260632497,0.09758972930606746,0.15021253095619622,2
480041417,장유고등학교,경남,김해시,경남,일반고,50980,경상남도 김해시 월산로 77(부곡동.장유고등학교),1135,87,0,,Y,1,446.0,90.33333333333333,536.3333333333334,3,0.47254038179148317,0.5848782260996002,0.145535250665818,0.36520673838270906,2
480041194,구산고등학교,경남,김해시,경남,일반고,50832,경상남도 김해시 가야로 311(구산동. 구산고등학교),635,56,1,635.0,Y,1,241.66666666666666,8.0,249.66666666666666,3,0.3931758530183727,0.272264631043257,0.12109218286877638,0.19667840695601668,2
480041377,김해임호고등학교,경남,김해시,경남,일반고,50886,경상남도 김해시 분성로3번길 77. 김해임호고등학교 (외동),416,40,0,,Y,1,327.6666666666667,4.666666666666667,332.3333333333333,3,0.7988782051282051,0.3624136677571792,0.24604233694062588,0.30422800234890257,2
480041188,김해삼문고등학교,경남,김해시,경남,일반고,50986,경상남도 김해시 번화1로 127(삼문동. 김해삼문고등학교),1067,83,2,533.5,Y,1,418.0,34.666666666666664,452.6666666666667,3,0.42424242424242425,0.49363867684478374,0.13066021431040442,0.31214944557759405,2
480041447,진영고등학교,경남,김해시,경남,일반고,50865,경상남도 김해시 진영읍 여래로20번길 35(진영읍. 진영고등학교),863,73,1,863.0,Y,1,527.6666666666666,32.0,559.6666666666666,3,0.6485129393588258,0.6103235187204652,0.1997321220078513,0.40502782036415824,2
480041348,김해율하고등학교,경남,김해시,경남,일반고,51014,경상남도 김해시 율하1로 21(율하동),1064,77,0,,Y,1,371.0,42.0,413.0,3,0.3881578947368421,0.45038167938931295,0.11954672803682208,0.2849642037130675,2
480041346,김해삼방고등학교,경남,김해시,경남,일반고,50811,경상남도 김해시 신어산길 17.김해삼방고등학교(삼방동),599,55,1,599.0,Y,1,325.3333333333333,10.666666666666666,336.0,3,0.5609348914858097,0.366412213740458,0.1727594152484813,0.26958581449446967,2
480041184,김해분성여자고등학교,경남,김해시,경남,일반고,50899,경상남도 김해시 삼계로 171(삼계동),545,56,0,,Y,1,257.6666666666667,1.0,258.6666666666667,3,0.47461773700305815,0.282079243911305,0.14617504447622703,0.21412714419376602,2
480041185,김해분성고등학교,경남,김해시,경남,일반고,50899,경상남도 김해시 가야로147번길 29(삼계동.김해분성고등학교),634,54,0,,Y,1,320.6666666666667,4.333333333333333,325.0,3,0.5126182965299685,0.3544165757906216,0.15787863885523742,0.2561476073229295,2
480041183,김해대청고등학교,경남,김해시,경남,일반고,51003,경상남도 김해시 번화1로 7(대청동. 대청고등학교),1127,93,0,,Y,1,629.6666666666666,17.333333333333332,647.0,3,0.5740905057675244,0.7055616139585605,0.17681114436186113,0.44118637916021086,2
480041177,김해경원고등학교,경남,김해시,경남,일반고,50957,경상남도 김해시 우암로 18(외동. 김해경원고등학교),728,62,1,728.0,Y,1,425.6666666666667,4.0,429.6666666666667,3,0.5902014652014652,0.46855688840421666,0.18177307483391134,0.325164981619064,2
480041347,김해제일고등학교,경남,김해시,경남,일반고,50886,경상남도 김해시 분성로3번길 105(외동. 김해제일고등학교),607,53,0,,Y,1,327.6666666666667,44.0,371.6666666666667,3,0.6123009335529929,0.40530716103235187,0.18857937497259475,0.2969432680024733,2
480041215,남해제일고등학교,경남,남해군,경남,일반고,52413,경상남도 남해군 남해읍 남해대로 2800-11(남해읍. 남해제일고등학교),344,41,0,,Y,1,257.3333333333333,7.0,264.3333333333333,3,0.7684108527131782,0.28825881497637224,0.2366588557785834,0.26245883537747783,2
480041660,남해해성고등학교,경남,남해군,경남,일반고,52434,경상남도 남해군 남면 남면로1835번길 8-4(남면. 해성고등학교.해성중학교),261,27,0,,N,0,199.0,2.0,201.0,3,0.7701149425287356,0.21919302071973829,0.23718368952405924,0.22818835512189878,2
480041654,남해고등학교,경남,남해군,경남,일반고,52431,경상남도 남해군 이동면 무림로 46-2(이동면. 남해고등학교),278,32,1,278.0,Y,1,452.0,27.666666666666668,479.6666666666667,3,1.7254196642685853,0.5230825154489277,0.5314030144705528,0.5272427649597402,2
480041868,창선고등학교,경남,남해군,경남,일반고,52453,경상남도 남해군 창선면 창선로 97-12(창선면. 창선고등학교),168,22,0,,Y,1,274.3333333333333,13.333333333333334,287.6666666666667,3,1.7123015873015874,0.3137041075972374,0.527362846279196,0.42053347693821674,2
480041720,삼랑진고등학교,경남,밀양시,경남,일반고,50467,경상남도 밀양시 삼랑진읍 만어로 16삼랑진고등학교,224,24,0,,Y,1,271.6666666666667,0.6666666666666666,272.3333333333333,3,1.2157738095238095,0.296982915303526,0.3744398424769147,0.33571137889022035,2
480041290,밀양여자고등학교,경남,밀양시,경남,일반고,50429,경상남도 밀양시 내일중앙길 10(내일동. 밀양여자고등학교),264,33,0,,Y,1,277.3333333333333,4.666666666666667,282.0,3,1.0681818181818181,0.3075245365321701,0.32898375388869683,0.3182541452104335,2
480041688,밀양동명고등학교,경남,밀양시,경남,일반고,50460,경상남도 밀양시 하남읍 동명길 14(하남읍. 동명중고등학교),226,20,0,,Y,1,331.6666666666667,2.3333333333333335,334.0,3,1.4778761061946903,0.3642311886586696,0.45516336350482856,0.4096972760817491,2
480041702,밀성고등학교,경남,밀양시,경남,일반고,50422,경상남도 밀양시 석정로 127. 밀성고등학교 (내이동),429,35,0,,N,0,0.0,23.0,23.0,3,0.053613053613053616,0.025081788440567066,0.016512005105160998,0.020796896772864032,2
480041280,밀양고등학교,경남,밀양시,경남,일반고,50423,경상남도 밀양시 약산로 15(내이동. 밀양고등학교),483,51,1,483.0,Y,1,559.6666666666666,11.666666666666666,571.3333333333334,3,1.1828847481021394,0.6230461650308979,0.36431051177290225,0.4936783384019001,2
480041768,세종고등학교,경남,밀양시,경남,일반고,50444,경상남도 밀양시 가곡8길 28.세종고등학교(가곡동. 세종중고등학교),410,35,0,,Y,1,288.3333333333333,0.0,288.3333333333333,3,0.7032520325203252,0.3144311159578335,0.2165909301678568,0.26551102306284513,2
480041310,삼천포중앙고등학교,경남,사천시,경남,일반고,52550,경상남도 사천시 삼상로 145(벌리동. 삼천포중앙고등학교),340,36,0,,Y,1,377.6666666666667,11.666666666666666,389.3333333333333,3,1.1450980392156862,0.42457288258814974,0.35267278013867137,0.3886228313634106,2
480041798,용남고등학교,경남,사천시,경남,일반고,52537,경상남도 사천시 용현면 선진길 24. 용남고등학교 (용현면),459,39,0,,Y,1,356.3333333333333,0.0,356.3333333333333,3,0.7763253449527959,0.3885859687386405,0.2390963990158801,0.3138411838772603,2
480041160,곤양고등학교,경남,사천시,경남,일반고,52504,경상남도 사천시 곤양면 솥골길 120. 곤양고등학교 (곤양면),38,11,0,,N,0,0.0,7.0,7.0,3,0.18421052631578946,0.007633587786259542,0.05673404042425455,0.032183814105257044,2
480041714,사천고등학교,경남,사천시,경남,일반고,52517,경상남도 사천시 사천읍 동문로 95(사천읍.사천고등학교),597,48,0,,Y,1,236.0,8.0,244.0,3,0.40871021775544386,0.26608505997818976,0.12587653094369183,0.1959807954609408,2
480041760,삼천포여자고등학교,경남,사천시,경남,일반고,52560,경상남도 사천시 삼상로 19. 삼천포여자고등학교 (동금동),369,39,1,369.0,Y,1,297.6666666666667,0.0,297.6666666666667,3,0.8066847335140018,0.3246092330061796,0.24844662895298153,0.28652793097958057,2
480041732,삼천포고등학교,경남,사천시,경남,일반고,52551,경상남도 사천시 벌리6길 77(벌리동. 삼천포중고등학교),418,39,1,418.0,Y,1,28.0,0.0,28.0,3,0.06698564593301436,0.030534351145038167,0.02063056015427438,0.025582455649656274,2
480041330,신등고등학교,경남,산청군,경남,일반고,52253,경상남도 산청군 신등면 신등가회로 125(신등면. 신등중고등학교),12,13,0,,N,0,13.333333333333334,1.6666666666666667,15.0,3,1.25,0.016357688113413305,0.3849809885931559,0.2006693383532846,2
480041002,산청고등학교,경남,산청군,경남,일반고,52226,경상남도 산청군 산청읍 웅석봉로86번길 9-12(산청읍),323,43,1,323.0,Y,1,106.66666666666667,4.0,110.66666666666667,3,0.3426212590299278,0.12068338785896038,0.10552213681149866,0.11310276233522952,2
480041216,단성고등학교,경남,산청군,경남,일반고,52248,경상남도 산청군 단성면 강누방목로 2단성고등학교,95,18,0,,Y,1,218.0,3.0,221.0,3,2.3263157894736843,0.2410032715376227,0.7164698819291575,0.4787365767333901,2
480041240,덕산고등학교,경남,산청군,경남,일반고,52239,경상남도 산청군 시천면 남명로159번길 1. 덕산고등학교 (시천면),47,13,0,,N,0,44.666666666666664,46.333333333333336,91.0,3,1.9361702127659575,0.09923664122137404,0.5963109780762074,0.3477738096487907,2
480041350,양산고등학교,경남,양산시,경남,일반고,50617,경상남도 양산시 호국학도병길 2(북부동),907,74,1,907.0,Y,1,472.6666666666667,12.333333333333334,485.0,3,0.5347298787210585,0.5288985823336968,0.16468866987226516,0.346793626102981,2
480041789,양산여자고등학교,경남,양산시,경남,일반고,50593,경상남도 양산시 교동1길 21(교동),902,62,0,,Y,1,245.66666666666666,10.333333333333334,256.0,3,0.2838137472283814,0.2791712104689204,0.08741031758744824,0.18329076402818434,2
480041788,효암고등학교,경남,양산시,경남,일반고,50530,경상남도 양산시 서창로 144(삼호동. 효암고등학교.개운중학교),808,57,0,,Y,1,270.0,10.333333333333334,280.3333333333333,3,0.34694719471947194,0.30570701563067976,0.10685445921017957,0.20628073742042966,2
480041445,증산고등학교,경남,양산시,경남,일반고,50658,경상남도 양산시 물금읍 새실로 99증산고등학교,1151,83,1,1151.0,Y,1,310.0,59.0,369.0,3,0.3205907906168549,0.40239912758996726,0.09873708760443059,0.25056810759719894,2
480041938,서창고등학교,경남,양산시,경남,일반고,50527,경상남도 양산시 삼호동부로 125(삼호동. 서창고등학교),929,65,0,,Y,1,390.0,3.6666666666666665,393.6666666666667,3,0.4237531395766057,0.42929843693202474,0.1305095220749242,0.27990397950347445,2
480041355,양산남부고등학교,경남,양산시,경남,일반고,50630,경상남도 양산시 양주로 7(남부동),991,69,1,991.0,Y,1,266.0,7.666666666666667,273.6666666666667,3,0.2761520349815002,0.2984369320247183,0.08505062674335177,0.19174377938403506,2
480041786,양산제일고등학교,경남,양산시,경남,일반고,50593,경상남도 양산시 회현1길 36. 양산제일고등학교 (교동),684,52,1,684.0,Y,1,282.3333333333333,4.333333333333333,286.6666666666667,3,0.419103313840156,0.3126135950563432,0.12907744646788072,0.22084552076211195,2
480041415,웅상고등학교,경남,양산시,경남,일반고,50541,경상남도 양산시 배움터길 36(평산동),813,62,1,813.0,Y,1,460.6666666666667,20.333333333333332,481.0,3,0.5916359163591636,0.52453653217012,0.18221486397373476,0.35337569807192737,2
480041939,범어고등학교,경남,양산시,경남,일반고,50607,경상남도 양산시 물금읍 신주로 88(물금읍.범어고등학교),940,66,1,940.0,Y,1,261.3333333333333,0.0,261.3333333333333,3,0.2780141843971631,0.28498727735368956,0.08562414044171182,0.1853057088977007,2
480041936,물금고등학교,경남,양산시,경남,일반고,50605,경상남도 양산시 물금읍 신주1길 20(물금읍),996,75,1,996.0,Y,1,398.0,9.0,407.0,3,0.4086345381526104,0.44383860414394766,0.1258532227770397,0.2848459134604937,2
480041708,보광고등학교,경남,양산시,경남,일반고,50503,경상남도 양산시 하북면 신평로 46. 보광고등학교 (하북면),309,31,1,309.0,Y,1,554.6666666666666,15.666666666666666,570.3333333333334,3,1.8457389428263216,0.6219556524900037,0.5684595223153309,0.5952075874026673,2
480041410,의령고등학교,경남,의령군,경남,일반고,52146,경상남도 의령군 의령읍 백산로 3길 4의령고등학교,163,27,1,163.0,Y,1,132.0,0.6666666666666666,132.66666666666666,3,0.8139059304703475,0.14467466375863322,0.2506706477874454,0.19767265577303933,2
480041828,의령여자고등학교,경남,의령군,경남,일반고,52137,경상남도 의령군 가례면 의병로 67(가례면),189,24,0,,N,0,0.0,0.0,0.0,3,0.0,0.0,0.0,0.0,2
480041420,진서고등학교,경남,진주시,경남,일반고,52645,경상남도 진주시 수곡면 옥수로 625(수곡면. 진서중고등학교),15,11,0,,N,0,1.0,0.0,1.0,3,0.06666666666666667,0.0010905125408942203,0.020532319391634978,0.0108114159662646,2
480041270,명신고등학교,경남,진주시,경남,일반고,52732,경상남도 진주시 대신로 614(초전동. 명신고등학교),657,55,0,,Y,1,267.6666666666667,3.6666666666666665,271.3333333333333,3,0.41298833079654995,0.29589240276263173,0.12719412469399446,0.2115432637283131,2
480041325,진주중앙고등학교,경남,진주시,경남,일반고,52762,경상남도 진주시 하대로 59(하대동.진주중앙고등학교),583,56,1,583.0,Y,1,369.3333333333333,8.666666666666666,378.0,3,0.6483704974271012,0.4122137404580153,0.1996882520592973,0.3059509962586563,2
480041050,경상국립대학교사범대학부설고등학교,경남,진주시,경남,일반고,52828,경상남도 진주시 가좌길29번길63 (가좌동),468,48,0,,Y,1,222.0,2.0,224.0,3,0.47863247863247865,0.24427480916030533,0.14741152383737935,0.19584316649884234,2
480041638,진주외국어고등학교,경남,진주시,경남,일반고,52616,경상남도 진주시 일반성면 동부로 2014-6(일반성면. 진주외국어고등학교),162,23,0,,Y,1,499.0,27.0,526.0,3,3.246913580246914,0.5736095965103599,1.0,0.78680479825518,2
480041450,진주여자고등학교,경남,진주시,경남,일반고,52746,경상남도 진주시 창렬로 185(상봉동),658,58,1,658.0,Y,1,372.0,1.6666666666666667,373.6666666666667,3,0.5678824721377913,0.40748818611414034,0.17489916442266576,0.29119367526840306,2
480041858,진주제일여자고등학교,경남,진주시,경남,일반고,52761,경상남도 진주시 하대로34번길 11-9(하대동. 진주제일여자고등학교),715,59,0,,Y,1,428.6666666666667,21.333333333333332,450.0,3,0.6293706293706294,0.49073064340239914,0.19383658166928128,0.3422836125358402,2
480041846,진주동명고등학교,경남,진주시,경남,일반고,52733,경상남도 진주시 대신로 454-25. 진주동명고등학교 (초전동),724,60,1,724.0,Y,1,101.0,0.0,101.0,3,0.13950276243093923,0.11014176663031625,0.04296472911371132,0.07655324787201379,2
480041430,진양고등학교,경남,진주시,경남,일반고,52853,경상남도 진주시 충의로100번길 12(충무공동),672,62,0,,Y,1,274.6666666666667,0.0,274.6666666666667,3,0.4087301587301588,0.29952744456561253,0.12588267246061924,0.21270505851311589,2
480041738,삼현여자고등학교,경남,진주시,경남,일반고,52805,경상남도 진주시 돗골로 95(상평동. 삼현여자고등학교),723,58,1,723.0,Y,1,210.0,3.3333333333333335,213.33333333333334,3,0.2950668510834486,0.232642675390767,0.09087610242494044,0.1617593889078537,2
480041440,진주고등학교,경남,진주시,경남,일반고,52747,경상남도 진주시 의곡길 29(상봉동. 진주고등학교),589,55,1,589.0,Y,1,500.0,7.333333333333333,507.3333333333333,3,0.8613469156762874,0.5532533624136677,0.26528174969497825,0.40926755605432297,2
480041672,대아고등학교,경남,진주시,경남,일반고,52669,경상남도 진주시 서장대로185번길 14(이현동.대아중고등학교),725,59,1,725.0,Y,1,320.6666666666667,10.0,330.6666666666667,3,0.4560919540229885,0.36059614685568886,0.14046938507932344,0.2505327659675062,2
480041636,경해여자고등학교,경남,진주시,경남,일반고,52651,경상남도 진주시 남강로 39(평거동),692,62,1,692.0,Y,1,245.33333333333334,0.0,245.33333333333334,3,0.35452793834296725,0.26753907669938204,0.10918921294973516,0.1883641448245586,2
480041862,창녕여자고등학교,경남,창녕군,경남,일반고,50330,경상남도 창녕군 창녕읍 신당길 30(창녕읍.창녕여자고등학교),233,30,1,233.0,Y,1,232.66666666666666,29.666666666666668,262.3333333333333,3,1.1258941344778255,0.28607778989458377,0.34675826955400707,0.31641802972429545,2
480041864,창녕고등학교,경남,창녕군,경남,일반고,50318,경상남도 창녕군 대지면 우포2로 1180-20(대지면. 창녕고등학교),133,18,0,,Y,1,133.66666666666666,5.0,138.66666666666666,3,1.0426065162907268,0.15121773900399854,0.32110694988421623,0.23616234444410739,2
480041937,창녕옥야고등학교,경남,창녕군,경남,일반고,50300,경상남도 창녕군 이방면 이방로 943-15. 창녕옥야고등학교,274,29,0,,Y,1,202.0,7.0,209.0,3,0.7627737226277372,0.22791712104689205,0.23492270544808636,0.2314199132474892,2
480041648,남지고등학교,경남,창녕군,경남,일반고,50355,경상남도 창녕군 남지읍 남고길 11(남지읍),364,34,1,364.0,Y,1,20.666666666666668,13.333333333333334,34.0,3,0.09340659340659341,0.03707742639040349,0.028767810136631426,0.03292261826351746,2
480041860,창녕대성고등학교,경남,창녕군,경남,일반고,50308,경상남도 창녕군 대합면 신안길 17창녕대성고등학교(대합면),110,19,1,110.0,Y,1,201.33333333333334,8.0,209.33333333333334,3,1.903030303030303,0.22828062522719011,0.5861043899066712,0.4071925075669307,2
480041710,영산고등학교,경남,창녕군,경남,일반고,50343,경상남도 창녕군 영산면 영산새싹길 13(영산면. 영산고등학교),193,26,0,,Y,1,150.0,21.0,171.0,3,0.8860103626943006,0.18647764449291168,0.2728777162670659,0.2296776803799888,2
480041932,창원토월고등학교,경남,창원시,경남,일반고,51451,경상남도 창원시 성산구 비음로91번길 8(토월동. 창원토월고등학교),510,47,0,,Y,1,191.66666666666666,4.666666666666667,196.33333333333334,3,0.38496732026143793,0.21410396219556527,0.11856407962424513,0.1663340209099052,2
480041690,마산중앙고등학교,경남,창원시,경남,일반고,51759,경상남도 창원시 마산합포구 고운로 103(신월동. 마산중앙고등학교),397,38,0,,Y,1,187.66666666666666,0.0,187.66666666666666,3,0.4727120067170445,0.20465285350781534,0.14558810853262585,0.1751204810202206,2
480041255,마산구암고등학교,경남,창원시,경남,일반고,51351,경상남도 창원시 마산회원구 팔용로 220(구암동. 마산구암고등학교),477,47,0,,Y,1,397.0,9.333333333333334,406.3333333333333,3,0.8518518518518519,0.44311159578335146,0.26235741444866917,0.35273450511601034,2
480041497,창원명곡고등학교,경남,창원시,경남,일반고,51171,경상남도 창원시 의창구 서곡길25번길 16. 창원명곡고등학교 (명곡동),502,48,0,,Y,1,380.6666666666667,0.0,380.6666666666667,3,0.7583001328021248,0.4151217739003999,0.23354490782118673,0.3243333408607933,2
480041560,합포고등학교,경남,창원시,경남,일반고,51281,경상남도 창원시 마산합포구 무학로 458(교방동. 합포고등학교),516,56,1,516.0,Y,1,374.0,3.6666666666666665,377.6666666666667,3,0.7319121447028424,0.4118502362777172,0.22541780882482976,0.3186340225512735,2
480041684,마산제일여자고등학교,경남,창원시,경남,일반고,51759,경상남도 창원시 마산합포구 고운로 65(문화동) 마산제일여자고등학교,545,48,0,,Y,1,252.66666666666666,2.6666666666666665,255.33333333333334,3,0.4685015290519878,0.27844420210832427,0.1442913454494715,0.21136777377889787,2
480041496,웅천고등학교,경남,창원시,경남,일반고,51621,경상남도 창원시 진해구 웅천중로 71(성내동. 웅천고등학교),646,50,1,646.0,Y,1,224.66666666666666,4.0,228.66666666666666,3,0.35397316821465424,0.24936386768447835,0.10901835218778323,0.1791911099361308,2
480041485,창원용호고등학교,경남,창원시,경남,일반고,51433,경상남도 창원시 성산구 용호로 29(용호동. 창원용호고등학교),573,53,1,573.0,Y,1,573.6666666666666,26.333333333333332,600.0,3,1.0471204188481675,0.6543075245365322,0.3224971632193976,0.4884023438779649,2
480041891,창원대산고등학교,경남,창원시,경남,일반고,51123,경상남도 창원시 의창구 대산면 진산대로 378(대산면.창원대산고등학교),481,43,0,,Y,1,242.33333333333334,6.0,248.33333333333334,3,0.5162855162855163,0.2708106143220647,0.15900808676474076,0.21490935054340274,2
480041894,창원문성고등학교,경남,창원시,경남,일반고,51410,경상남도 창원시 의창구 원이대로 406(두대동.창원문성고등학교),498,50,0,,Y,1,201.33333333333334,0.0,201.33333333333334,3,0.40428380187416335,0.21955652490003635,0.12451326217417197,0.17203489353710416,2
480041490,창원중앙고등학교,경남,창원시,경남,일반고,51437,경상남도 창원시 성산구 용호로 16(용호동. 창원중앙고등학교),581,60,1,581.0,Y,1,376.6666666666667,3.0,379.6666666666667,3,0.6534710269650029,0.41403126135950563,0.20125913758237732,0.3076451994709415,2
480041848,진해중앙고등학교,경남,창원시,경남,일반고,51581,경상남도 창원시 진해구 병암북로 9. 진해중앙고등학교 (경화동),630,45,1,630.0,Y,1,233.66666666666666,7.666666666666667,241.33333333333334,3,0.38306878306878306,0.26317702653580516,0.11797935904399781,0.19057819278990148,2
480041870,창신고등학교,경남,창원시,경남,일반고,51347,경상남도 창원시 마산회원구 봉덕2길 106(봉암동. 창신고등학교),568,49,0,,Y,1,39.333333333333336,5.333333333333333,44.666666666666664,3,0.07863849765258216,0.048709560159941837,0.024219461254217315,0.036464510707079574,2
480041704,마산무학여자고등학교,경남,창원시,경남,일반고,51324,경상남도 창원시 마산회원구 회원동33길 17(회원동. 마산무학여자고등학교),586,49,1,586.0,Y,1,436.6666666666667,7.0,443.6666666666667,3,0.7571103526734927,0.4838240639767358,0.23317847363708327,0.3585012688069095,2
480041680,마산제일고등학교,경남,창원시,경남,일반고,51217,경상남도 창원시 마산회원구 내서읍 함마대로 2610. 마산제일고등학교 (내서읍),690,57,0,,N,0,0.0,8.333333333333334,8.333333333333334,3,0.01207729468599034,0.009087604507451837,0.0037196230781947432,0.00640361379282329,2
480041001,경상고등학교,경남,창원시,경남,일반고,51184,경상남도 창원시 의창구 금강로379번길 46. 경상고등학교 (소계동.경상고등학교),514,46,1,514.0,Y,1,62.666666666666664,6.666666666666667,69.33333333333333,3,0.13488975356679636,0.07560886950199927,0.04154399254338595,0.05857643102269261,2
480041253,마산용마고등학교,경남,창원시,경남,일반고,51334,경상남도 창원시 마산합포구 허당로 51(산호동. 마산용마고등학교),523,60,0,,Y,1,363.3333333333333,19.666666666666668,383.0,3,0.7323135755258127,0.4176663031624864,0.22554144341289287,0.32160387328768963,2
480041221,창원북면고등학교,경남,창원시,경남,일반고,51111,경상남도 창원시 의창구 북면 동전로 36. 창원북면고등학교 [지번: 북면 감계리 232-3],874,68,1,874.0,Y,1,158.66666666666666,0.0,158.66666666666666,3,0.18154080854309687,0.17302798982188294,0.05591180795433782,0.11446989888811038,2
480041472,창원남산고등학교,경남,창원시,경남,일반고,51489,경상남도 창원시 성산구 가음로92번길 34(가음동.남산고등학교),525,55,0,,Y,1,191.33333333333334,3.6666666666666665,195.0,3,0.37142857142857144,0.21264994547437296,0.11439435089625204,0.1635221481853125,2
480041473,창원명지여자고등학교,경남,창원시,경남,일반고,51172,경상남도 창원시 의창구 명지로109번길 54(명서동. 명지여자고등학교),511,57,0,,Y,1,374.0,0.0,374.0,3,0.7318982387475538,0.4078516902944384,0.2254135260020983,0.3166326081482683,2
480041474,창원봉림고등학교,경남,창원시,경남,일반고,51144,경상남도 창원시 의창구 창이대로333번길 39(봉곡동. 창원봉림고등학교),511,50,1,511.0,Y,1,181.66666666666666,4.333333333333333,186.0,3,0.3639921722113503,0.20283533260632497,0.11210405303847669,0.15746969282240084,2
480041480,창원여자고등학교,경남,창원시,경남,일반고,51519,경상남도 창원시 성산구 두대로 153(중앙동),457,52,1,457.0,Y,1,363.0,4.333333333333333,367.3333333333333,3,0.8037928519328956,0.4005816066884769,0.24755597340899066,0.3240687900487338,2
480041515,창원성민여자고등학교,경남,창원시,경남,일반고,51368,경상남도 창원시 의창구 팔용로 481(팔용동),482,45,0,,N,0,0.0,9.666666666666666,9.666666666666666,3,0.020055325034578145,0.010541621228644129,0.006176735086695169,0.00835917815766965,2
480041478,창원신월고등학교,경남,창원시,경남,일반고,51441,경상남도 창원시 성산구 신월로 66(신월동. 창원신월고등학교),521,51,1,521.0,Y,1,552.6666666666666,0.0,552.6666666666666,3,1.0607805502239283,0.6026899309342058,0.32670427592447976,0.4646971034293428,2
480041470,진해여자고등학교,경남,창원시,경남,일반고,51691,경상남도 창원시 진해구 여좌남로 23(여좌동.진해여자고등학교),830,58,1,830.0,Y,1,332.0,5.333333333333333,337.3333333333333,3,0.40642570281124496,0.3678662304616503,0.125172935086353,0.24651958277400166,2
480041495,창원중앙여자고등학교,경남,창원시,경남,일반고,51499,경상남도 창원시 성산구 단정로 121(상남동),429,49,1,429.0,Y,1,300.6666666666667,0.0,300.6666666666667,3,0.7008547008547009,0.32788077062886223,0.21585258847616262,0.2718666795525124,2
480041258,마산내서여자고등학교,경남,창원시,경남,일반고,51226,경상남도 창원시 마산회원구 내서읍 삼풍로 133. 마산내서여자고등학교 (내서읍),691,65,1,691.0,Y,1,313.0,0.0,313.0,3,0.45296671490593343,0.34133042529989094,0.13950685896342435,0.24041864213165764,2
480041245,마산가포고등학교,경남,창원시,경남,일반고,51755,경상남도 창원시 마산합포구 가포로 262(가포동.가포고등학교),441,42,1,441.0,Y,1,298.6666666666667,0.3333333333333333,299.0,3,0.6780045351473923,0.3260632497273719,0.20881508496934895,0.26743916734836043,2
480041878,창원경일여자고등학교,경남,창원시,경남,일반고,51519,경상남도 창원시 성산구 두대로 163. 창원경일여자고등학교(내동),301,33,0,,Y,1,312.6666666666667,10.0,322.6666666666667,3,1.071982281284607,0.3518720465285351,0.33015423872263555,0.34101314262558535,2
480041888,창원남고등학교,경남,창원시,경남,일반고,51508,경상남도 창원시 성산구 창원대로 813. 창원남고등학교(외동),489,44,0,,Y,1,899.6666666666666,6.666666666666667,906.3333333333334,3,1.8534423994546694,0.9883678662304617,0.5708320697940236,0.7795999680122426,2
480041931,창원대암고등학교,경남,창원시,경남,일반고,51469,경상남도 창원시 성산구 대암로 203(대방동. 창원대암고등학교),515,54,1,515.0,Y,1,242.0,13.0,255.0,3,0.49514563106796117,0.2780806979280262,0.15249732363690058,0.21528901078246337,2
480041460,진해고등학교,경남,창원시,경남,일반고,51695,경상남도 창원시 진해구 여좌로 100(여좌동. 진해고등학교),927,68,0,,Y,1,317.3333333333333,2.0,319.3333333333333,3,0.34448040273282987,0.3482370047255543,0.10609472479604265,0.22716586476079847,2
480041933,진해용원고등학교,경남,창원시,경남,일반고,51604,경상남도 창원시 진해구 용재로77번길 8(용원동) 진해용원고등학교,845,66,0,,Y,1,365.6666666666667,4.666666666666667,370.3333333333333,3,0.4382642998027613,0.40385314431115954,0.13497873872252344,0.2694159415168415,2
480041872,마산삼진고등학교,경남,창원시,경남,일반고,51793,경상남도 창원시 마산합포구 진동면 삼진의거대로 661-13(진동면. 삼진고등학교),506,45,1,506.0,Y,1,571.3333333333334,40.0,611.3333333333334,3,1.2081686429512517,0.6666666666666667,0.37209756684049955,0.5193821167535831,2
480041840,진해세화여자고등학교,경남,창원시,경남,일반고,51581,경상남도 창원시 진해구 병암북로4번길 41진해세화여자고등학교(석동),705,53,1,705.0,Y,1,338.0,11.333333333333334,349.3333333333333,3,0.4955082742316785,0.38095238095238093,0.15260901221584014,0.2667806965841105,2
480041476,창원사파고등학교,경남,창원시,경남,일반고,51458,경상남도 창원시 성산구 창이대로719번길 26. 창원사파고등학교 (사파동),525,52,1,525.0,Y,1,427.0,6.333333333333333,433.3333333333333,3,0.8253968253968254,0.4725554343874954,0.25420966865833783,0.36338255152291665,2
480041762,성지여자고등학교,경남,창원시,경남,일반고,51263,경상남도 창원시 마산합포구 완월남로 20(완월동. 성지여자중고등학교) 성지여자고등학교,441,44,1,441.0,Y,1,397.3333333333333,4.666666666666667,402.0,3,0.9115646258503401,0.43838604143947657,0.28074804066113135,0.35956704105030396,2
480041260,마산여자고등학교,경남,창원시,경남,일반고,51267,경상남도 창원시 마산합포구 고운로 157(완월동.마산여자고등학교),519,49,0,,Y,1,275.3333333333333,4.333333333333333,279.6666666666667,3,0.5388567758509956,0.3049800072700836,0.16595969142178948,0.23546984934593657,2
480041876,창원경일고등학교,경남,창원시,경남,일반고,51519,경상남도 창원시 성산구 두대로 165(중앙동),471,46,0,,Y,1,324.0,15.333333333333334,339.3333333333333,3,0.7204529370134465,0.3700472555434387,0.22188854714102343,0.29596790134223105,2
480041882,창원고등학교,경남,창원시,경남,일반고,51161,경상남도 창원시 의창구 태복산로 45(도계동. 창원중고등학교),592,52,1,592.0,Y,1,76.66666666666667,1.0,77.66666666666667,3,0.1311936936936937,0.08469647400945111,0.04040566231630871,0.06255106816287992,2
480041901,충렬여자고등학교,경남,통영시,경남,일반고,53024,경상남도 통영시 용남면 견내량로 70. 충렬여자고등학교 (용남면),506,43,2,253.0,Y,1,152.66666666666666,5.666666666666667,158.33333333333334,3,0.3129117259552042,0.17266448564158487,0.09637205248050015,0.13451826906104253,2
480041905,동원고등학교,경남,통영시,경남,일반고,53021,경상남도 통영시 광도면 용호로 12-29(광도면),846,66,1,846.0,Y,1,227.66666666666666,25.333333333333332,253.0,3,0.2990543735224586,0.27589967284623773,0.09210419868942642,0.18400193576783208,2
480041520,통영여자고등학교,경남,통영시,경남,일반고,53065,경상남도 통영시 도리1길 19(도천동. 통영여자고등학교),732,61,0,,Y,1,657.3333333333334,25.333333333333332,682.6666666666666,3,0.9326047358834244,0.7444565612504543,0.2872280745496478,0.5158423179000511,2
480041510,통영고등학교,경남,통영시,경남,일반고,53077,경상남도 통영시 도남로 116통영고등학교,886,71,1,886.0,Y,1,213.66666666666666,0.3333333333333333,214.0,3,0.24153498871331827,0.23336968375136313,0.074389102987752,0.15387939336955758,2
480041500,충무고등학교,경남,통영시,경남,일반고,53058,경상남도 통영시 여황로 375(북신동. 충무고등학교),509,53,1,509.0,Y,1,886.3333333333334,30.666666666666668,917.0,3,1.8015717092337917,1.0,0.5548566861138293,0.7774283430569147,2
480041170,금남고등학교,경남,하동군,경남,일반고,52350,경상남도 하동군 금남면 섬진강대로 656-8(금남면. 금남고등학교),95,20,1,95.0,Y,1,228.33333333333334,10.333333333333334,238.66666666666666,3,2.512280701754386,0.26026899309342055,0.7737442465479286,0.5170066198206746,2
480041370,옥종고등학교,경남,하동군,경남,일반고,52313,경상남도 하동군 옥종면 옥수로 4-9(옥종면.옥종고등학교),43,13,0,,N,0,51.333333333333336,4.0,55.333333333333336,3,1.2868217054263567,0.06034169392948019,0.3963215138385357,0.22833160388400794,2
480041537,하동고등학교,경남,하동군,경남,일반고,52332,경상남도 하동군 하동읍 경서대로 84. 하동고등학교 (하동읍),193,28,0,,Y,1,291.6666666666667,11.333333333333334,303.0,3,1.5699481865284974,0.33042529989094876,0.48352016391181857,0.40697273190138367,2
480041390,진교고등학교,경남,하동군,경남,일반고,52345,경상남도 하동군 진교면 민다리길 179(진교면),75,20,1,75.0,N,0,39.666666666666664,62.333333333333336,102.0,3,1.36,0.11123227917121047,0.41885931558935363,0.26504579738028206,2
480041918,하동여자고등학교,경남,하동군,경남,일반고,52332,경상남도 하동군 하동읍 송림1길 30(하동읍. 하동여자고등학교),155,20,0,,Y,1,163.0,3.3333333333333335,166.33333333333334,3,1.0731182795698926,0.18138858596873866,0.3305041089169631,0.2559463474428509,2
480041547,함안고등학교,경남,함안군,경남,일반고,52038,경상남도 함안군 가야읍 함안대로 630. 함안고등학교 (가야읍),415,44,0,,Y,1,326.3333333333333,42.0,368.3333333333333,3,0.8875502008032128,0.4016721192293711,0.2733519629850199,0.3375120411071955,2
480041642,군북고등학교,경남,함안군,경남,일반고,52065,경상남도 함안군 군북면 사군로 1558(군북면. 군북고등학교),151,17,0,,Y,1,302.3333333333333,13.333333333333334,315.6666666666667,3,2.090507726269316,0.34423845874227554,0.6438445848966334,0.4940415218194545,2
480041912,칠원고등학교,경남,함안군,경남,일반고,52018,경상남도 함안군 칠서면 삼칠로 281. 칠원고등학교(칠서면),375,34,0,,N,0,148.66666666666666,79.33333333333333,228.0,3,0.608,0.24863685932388221,0.187254752851711,0.21794580608779662,2
480041928,명덕고등학교,경남,함안군,경남,일반고,52043,경상남도 함안군 가야읍 고분길 107(가야읍. 명덕고등학교.함안여자중학교),353,37,1,353.0,Y,1,379.0,9.0,388.0,3,1.0991501416430596,0.42311886586695746,0.3385215265136419,0.3808201961902997,2
480041555,서상고등학교,경남,함양군,경남,일반고,50003,경상남도 함양군 서상면 서상로 232-1(서상면),5,11,0,,N,0,0.0,0.0,0.0,3,0.0,0.0,0.0,0.0,2
480041550,함양고등학교,경남,함양군,경남,일반고,50044,경상남도 함양군 함양읍 함양로 1063(함양읍. 함양고등학교),319,35,0,,Y,1,206.33333333333334,3.3333333333333335,209.66666666666666,3,0.6572622779519331,0.22864412940748818,0.20242678522473986,0.215535457316114,2
480041331,안의고등학교,경남,함양군,경남,일반고,50010,경상남도 함양군 안의면 안의배움길 30. 안의고등학교 (안의면),109,17,1,109.0,Y,1,206.0,26.0,232.0,3,2.128440366972477,0.2529989094874591,0.655527261310915,0.454263085399187,2
480041340,야로고등학교,경남,합천군,경남,일반고,50206,경상남도 합천군 야로면 역산길 13(야로면.야로고등학교),71,18,1,71.0,N,0,62.333333333333336,31.0,93.33333333333333,3,1.3145539906103285,0.10178117048346055,0.40486263589139393,0.25332190318742726,2
480041300,삼가고등학교,경남,합천군,경남,일반고,50219,경상남도 합천군 삼가면 봉두길 5(삼가면),98,20,1,98.0,N,0,73.66666666666667,7.666666666666667,81.33333333333333,3,0.8299319727891156,0.08869501999272991,0.25560642507953746,0.17215072253613367,2
480041945,합천여자고등학교,경남,합천군,경남,일반고,50234,경상남도 합천군 합천읍 남정길 25-7(합천읍. 합천여자고등학교),201,21,1,201.0,Y,1,281.0,22.666666666666668,303.6666666666667,3,1.5107794361525706,0.3311523082515449,0.4652970887009818,0.39822469847626335,2
480041580,합천고등학교,경남,합천군,경남,일반고,50238,경상남도 합천군 합천읍 교동3길 12. 합천고등학교 (합천읍),174,28,0,,Y,1,305.3333333333333,7.333333333333333,312.6666666666667,3,1.7969348659003832,0.34096692111959287,0.5534286088894717,0.44719776500453223,2
